"","x"
"1","net_00_ba_11_30_30000_2.png"
"2","net_00_ba_11_30_30000_3.png"
"3","net_00_ba_11_30_30000_4.png"
"4","net_00_ba_11_30_32500_2.png"
"5","net_00_ba_11_30_32500_3.png"
"6","net_00_ba_11_35_32500_3.png"
"7","net_00_ba_11_35_32500_4.png"
"8","net_00_ba_11_35_35000_2.png"
"9","net_00_ba_12_30_30000_4.png"
"10","net_00_ba_12_30_32500_2.png"
"11","net_00_ba_12_30_32500_3.png"
"12","net_00_ba_12_30_35000_2.png"
"13","net_00_ba_12_30_35000_3.png"
"14","net_00_ba_12_35_30000_2.png"
"15","net_00_ba_12_35_30000_4.png"
"16","net_00_ba_12_35_32500_3.png"
"17","net_00_ba_12_35_35000_2.png"
"18","net_00_er_11_30_32500_3.png"
"19","net_00_er_11_30_35000_3.png"
"20","net_00_er_11_35_30000_3.png"
"21","net_00_er_12_30_30000_4.png"
"22","net_00_er_12_30_32500_2.png"
"23","net_00_er_12_30_32500_3.png"
"24","net_00_er_12_30_35000_4.png"
"25","net_00_er_12_35_30000_4.png"
"26","net_01_ba_11_30_30000_2.png"
"27","net_01_ba_11_30_32500_3.png"
"28","net_01_ba_11_30_35000_2.png"
"29","net_01_ba_11_30_35000_3.png"
"30","net_01_ba_11_35_32500_2.png"
"31","net_01_ba_12_30_30000_2.png"
"32","net_01_ba_12_30_32500_3.png"
"33","net_01_ba_12_30_32500_4.png"
"34","net_01_ba_12_30_35000_2.png"
"35","net_01_ba_12_35_30000_2.png"
"36","net_01_ba_12_35_30000_3.png"
"37","net_01_ba_12_35_35000_2.png"
"38","net_01_ba_12_35_35000_3.png"
"39","net_01_er_11_35_30000_3.png"
"40","net_01_er_11_35_32500_3.png"
"41","net_01_er_11_35_35000_2.png"
"42","net_01_er_11_35_35000_4.png"
"43","net_01_er_12_30_30000_2.png"
"44","net_01_er_12_30_30000_3.png"
"45","net_01_er_12_30_30000_4.png"
"46","net_01_er_12_30_32500_2.png"
"47","net_01_er_12_30_32500_3.png"
"48","net_01_er_12_30_32500_4.png"
"49","net_01_er_12_30_35000_4.png"
"50","net_01_er_12_35_30000_2.png"
"51","net_01_er_12_35_30000_3.png"
"52","net_01_er_12_35_30000_4.png"
"53","net_01_er_12_35_32500_3.png"
"54","net_01_er_12_35_32500_4.png"
"55","net_01_er_12_35_35000_2.png"
"56","net_02_ba_11_30_30000_2.png"
"57","net_02_ba_11_30_30000_3.png"
"58","net_02_ba_11_30_30000_4.png"
"59","net_02_ba_11_30_32500_4.png"
"60","net_02_ba_11_30_35000_3.png"
"61","net_02_ba_11_35_30000_2.png"
"62","net_02_ba_11_35_32500_2.png"
"63","net_02_ba_11_35_35000_2.png"
"64","net_02_ba_12_30_30000_2.png"
"65","net_02_ba_12_30_32500_2.png"
"66","net_02_ba_12_30_35000_2.png"
"67","net_02_ba_12_35_32500_4.png"
"68","net_02_ba_12_35_35000_3.png"
"69","net_02_er_11_30_30000_3.png"
"70","net_02_er_11_30_30000_4.png"
"71","net_02_er_11_30_32500_2.png"
"72","net_02_er_11_30_32500_3.png"
"73","net_02_er_11_30_32500_4.png"
"74","net_02_er_11_30_35000_4.png"
"75","net_02_er_11_35_30000_2.png"
"76","net_02_er_11_35_30000_4.png"
"77","net_02_er_11_35_32500_2.png"
"78","net_02_er_11_35_32500_3.png"
"79","net_02_er_11_35_32500_4.png"
"80","net_02_er_11_35_35000_3.png"
"81","net_02_er_11_35_35000_4.png"
"82","net_02_er_12_30_30000_2.png"
"83","net_02_er_12_30_32500_3.png"
"84","net_02_er_12_30_35000_2.png"
"85","net_02_er_12_30_35000_3.png"
"86","net_02_er_12_30_35000_4.png"
"87","net_02_er_12_35_30000_2.png"
"88","net_02_er_12_35_30000_3.png"
"89","net_02_er_12_35_30000_4.png"
"90","net_02_er_12_35_32500_2.png"
"91","net_02_er_12_35_32500_3.png"
"92","net_02_er_12_35_32500_4.png"
"93","net_03_ba_11_30_30000_2.png"
"94","net_03_ba_11_30_30000_3.png"
"95","net_03_ba_11_30_30000_4.png"
"96","net_03_ba_11_30_32500_2.png"
"97","net_03_ba_11_35_32500_2.png"
"98","net_03_ba_11_35_32500_3.png"
"99","net_03_ba_11_35_35000_2.png"
"100","net_03_ba_11_35_35000_3.png"
"101","net_03_ba_12_30_30000_2.png"
"102","net_03_ba_12_30_32500_3.png"
"103","net_03_ba_12_35_30000_2.png"
"104","net_03_er_11_30_30000_2.png"
"105","net_03_er_11_30_30000_3.png"
"106","net_03_er_11_30_30000_4.png"
"107","net_03_er_11_30_35000_4.png"
"108","net_03_er_11_35_32500_4.png"
"109","net_03_er_12_30_30000_3.png"
"110","net_03_er_12_30_30000_4.png"
"111","net_03_er_12_30_32500_3.png"
"112","net_03_er_12_30_32500_4.png"
"113","net_03_er_12_30_35000_2.png"
"114","net_03_er_12_30_35000_3.png"
"115","net_03_er_12_30_35000_4.png"
"116","net_03_er_12_35_30000_3.png"
"117","net_03_er_12_35_30000_4.png"
"118","net_03_er_12_35_35000_3.png"
"119","net_04_ba_12_30_32500_2.png"
"120","net_04_ba_12_35_30000_2.png"
"121","net_04_ba_12_35_30000_3.png"
"122","net_04_ba_12_35_30000_4.png"
"123","net_04_er_12_30_30000_2.png"
"124","net_04_er_12_30_30000_3.png"
"125","net_05_ba_11_30_30000_3.png"
"126","net_05_ba_12_30_32500_4.png"
"127","net_05_ba_12_30_35000_2.png"
"128","net_05_ba_12_30_35000_3.png"
"129","net_05_er_11_30_30000_3.png"
"130","net_05_er_11_30_30000_4.png"
"131","net_05_er_11_30_32500_2.png"
"132","net_05_er_11_30_32500_3.png"
"133","net_05_er_11_30_32500_4.png"
"134","net_05_er_11_30_35000_2.png"
"135","net_05_er_12_30_32500_4.png"
"136","net_05_er_12_35_35000_4.png"
"137","net_06_ba_11_30_30000_2.png"
"138","net_06_ba_11_30_30000_3.png"
"139","net_06_ba_11_30_32500_2.png"
"140","net_06_ba_11_30_32500_3.png"
"141","net_06_ba_11_35_35000_2.png"
"142","net_06_ba_12_30_32500_2.png"
"143","net_06_er_11_30_30000_2.png"
"144","net_06_er_12_30_30000_4.png"
"145","net_06_er_12_30_32500_2.png"
"146","net_06_er_12_30_32500_3.png"
"147","net_06_er_12_30_32500_4.png"
"148","net_06_er_12_30_35000_2.png"
"149","net_06_er_12_30_35000_3.png"
"150","net_06_er_12_30_35000_4.png"
"151","net_06_er_12_35_30000_2.png"
"152","net_06_er_12_35_30000_4.png"
"153","net_06_er_12_35_32500_2.png"
"154","net_06_er_12_35_32500_3.png"
"155","net_06_er_12_35_32500_4.png"
"156","net_06_er_12_35_35000_2.png"
"157","net_07_ba_11_30_32500_2.png"
"158","net_07_ba_11_35_30000_2.png"
"159","net_07_ba_11_35_30000_3.png"
"160","net_07_ba_11_35_35000_4.png"
"161","net_07_ba_12_30_30000_2.png"
"162","net_07_ba_12_30_32500_4.png"
"163","net_07_ba_12_30_35000_2.png"
"164","net_07_ba_12_30_35000_3.png"
"165","net_07_ba_12_35_30000_3.png"
"166","net_07_er_11_35_35000_3.png"
"167","net_09_ba_11_30_32500_4.png"
"168","net_09_ba_11_30_35000_2.png"
"169","net_09_ba_11_30_35000_3.png"
"170","net_09_ba_12_30_30000_2.png"
"171","net_09_ba_12_30_30000_3.png"
"172","net_09_ba_12_30_30000_4.png"
"173","net_09_ba_12_30_32500_2.png"
"174","net_09_ba_12_30_32500_3.png"
"175","net_09_ba_12_30_32500_4.png"
"176","net_09_ba_12_30_35000_2.png"
"177","net_09_er_11_30_35000_3.png"
"178","net_09_er_11_30_35000_4.png"
"179","net_09_er_11_35_30000_2.png"
"180","net_09_er_11_35_30000_3.png"
"181","net_09_er_11_35_30000_4.png"
"182","net_09_er_12_30_32500_2.png"
"183","net_09_er_12_30_32500_3.png"
"184","net_09_er_12_30_35000_2.png"
"185","net_09_er_12_30_35000_3.png"
"186","net_09_er_12_30_35000_4.png"
"187","net_09_er_12_35_30000_2.png"
"188","net_09_er_12_35_30000_3.png"
"189","net_09_er_12_35_30000_4.png"
"190","net_09_er_12_35_32500_2.png"
"191","net_09_er_12_35_35000_2.png"
